Title,Author,Category
The Marines Take Anbar: The Four Year Fight Against al Qaeda (Leatherneck Classics),Richard H. Shultz Jr.,History & Politics
The Last Ranch (Kerney Family #3),Michael McGarrity,Historical Fiction
"Backlands (Kerney Family, #2)",Michael McGarrity,Contemporary & Literary Fiction
"Hard Country (Kerney Family, #1)",Michael McGarrity,Historical Fiction
Principles: Life and Work,Ray Dalio,Business & Productivity
Training for the Uphill Athlete: A Manual for Mountain Runners and Ski Mountaineers,Steve House,Health & Fitness
Run or Die,Kilian Jornet,Travel & Adventure
Born to run,Christopher McDougall,Travel & Adventure
Above the Clouds: How I Carved My Own Path to the Top of the World,Kilian Jornet,Travel & Adventure
The Race that Changed Running: The Inside Story of UTMB,Doug Mayer,Travel & Adventure
Ocean: Earths Last Wilderness,David Attenborough,Climate & Environment
We Can Do Hard Things: Answers to Life's 20 Questions,Glennon Doyle,Psychology & Self-Help
Who Is Government?: The Untold Story of Public Service,Michael Lewis,History & Politics
Sucker Punch: Essays,Scaachi Koul,Contemporary & Literary Fiction
Raising Hare: A Memoir,Chloe Dalton,Biographies & Memoirs
Dream Count,Chimamanda Ngozi Adichie,Contemporary & Literary Fiction
Broken Country,Clare Leslie Hall,Contemporary & Literary Fiction
Fixing Your Feet: Injury Prevention and Treatment for Athletes,John Vonhof,Health & Fitness
Hardest Geezer: Mind over Miles,Russ Cook,Psychology & Self-Help
Amusing Ourselves to Death: Public Discourse in the Age of Show Business,Neil Postman,History & Politics
Sophies World,Jostein Gaarder,Philosophical Fiction
The Earth Transformed: An Untold History,Peter Frankopan,History & Politics
The Dawn of Everything: A New History of Humanity,David Graeber,History & Politics
The WEIRDest People in the World: How the West Became Psychologically Peculiar and Particularly Prosperous,Joseph Henrich,History & Politics
The Book Thief,Markus Zusak,Historical Fiction
Memoirs of Hadrian,Marguerite Yourcenar,Biographies & Memoirs
Three Kingdoms (4-Volume Boxed Set),Luo Guanzhong,Historical Fiction
Table for Two,Amor Towles,Contemporary & Literary Fiction
Kokoro,Natsume Sseki,Philosophical Fiction
"Japan in Transformation, 1945-2010 (Seminar Studies)",Jeff Kingston,History & Politics
Ghost in the Wires: My Adventures as the World's Most Wanted Hacker,Kevin D. Mitnick,Biographies & Memoirs
"The Hate U Give (The Hate U Give, #1)",Angie Thomas,Social Justice & Activism
"The Secret of Secrets (Robert Langdon, #6)",Dan    Brown,Mystery & Thriller
"Origin (Robert Langdon, #5)",Dan    Brown,Mystery & Thriller
"The Lost Symbol (Robert Langdon, #3)",Dan    Brown,Mystery & Thriller
"Inferno (Robert Langdon, #4)",Dan    Brown,Mystery & Thriller
"The Three-Body Problem (Remembrance of Earths Past, #1)",Liu Cixin,Science Fiction
The Cry of the Dove,Fadia Faqir,Contemporary & Literary Fiction
Red Sorghum,Mo Yan,Historical Fiction
Read This If You Want to Take Great Photographs,Henry Carroll,Psychology & Self-Help
The Things They Carried,Tim O'Brien,Contemporary & Literary Fiction
How to Read Literature Like a Professor,Thomas C. Foster,Contemporary & Literary Fiction
"David and Goliath: Underdogs, Misfits, and the Art of Battling Giants",Malcolm Gladwell,Psychology & Self-Help
Battle Royale,Koushun Takami,Young Adult
Kitchen Confidential: Adventures in the Culinary Underbelly,Anthony Bourdain,Biographies & Memoirs
American Kingpin: The Epic Hunt for the Criminal Mastermind Behind the Silk Road,Nick Bilton,True Crime
Japanese Hiragana & Katakana for Beginners: First Steps to Mastering the Japanese Writing System,Timothy G. Stout,Language & Education
Japanese From Zero! 4: Proven Techniques to Learn Japanese for Students and Professionals (Japanese Edition),George Trombley,Business & Productivity
Japanese From Zero! 3: Proven Techniques to Learn Japanese for Students and Professionals,George Trombley,Business & Productivity
Japanese from Zero! 2: Proven Techniques to Learn Japanese for Students and Professionals (Japanese Edition),George Trombley,Business & Productivity
Japanese from Zero! 1: Proven Techniques to Learn Japanese for Students and Professionals,George Trombley,Business & Productivity
The Martian,Andy Weir,Science Fiction
"Fifth Business (The Deptford Trilogy, #1)",Robertson Davies,Contemporary & Literary Fiction
The Rape of Nanking: The Forgotten Holocaust of World War II,Iris Chang,History & Politics
Remembering the Kanji III: Writing and Reading Japanese Characters for Upper-Level Proficiency,James W. Heisig,Language Learning
Remembering the Kanji II: A Systematic Guide to Reading Japanese Characters (Remembering the Japanese Characters Series),James W. Heisig,Computer Science
Remembering the Kanji I: A Complete Course on How Not to Forget the Meaning and Writing of Japanese Characters,James W. Heisig,Psychology & Self-Help
The Emperor of All Maladies: A Biography of Cancer,Siddhartha Mukherjee,Medicine & Neuroscience
A Gentleman in Moscow,Amor Towles,Uncategorized
Bad Blood: Secrets and Lies in a Silicon Valley Startup,John Carreyrou,Biographies & Memoirs
The Moment of Lift: How Empowering Women Changes the World,Melinda French Gates,Biographies & Memoirs
Doing Good Better: How Effective Altruism Can Help You Make a Difference,William MacAskill,Philosophy & Thought
The Essays of Warren Buffett : Lessons for Corporate America,Warren Buffett,Finance & Investing
How to Win at College: Surprising Secrets for Success from the Country's Top Students,Cal Newport,Business & Productivity
The Ultimate Guide to Body Recomposition,Jeff Nippard,Health & Fitness
Working in Public: The Making and Maintenance of Open Source Software,Nadia Eghbal,Business & Productivity
"Be Water, My Friend: The Teachings of Bruce Lee",Shannon Lee,Biographies & Memoirs
In Order to Live: A North Korean Girl's Journey to Freedom,Yeonmi Park,Biographies & Memoirs
The Life-Changing Magic of Tidying Up: The Japanese Art of Decluttering and Organizing,Marie Kond,Psychology & Self-Help
The C Programming Language,Brian W. Kernighan,Computer Science
Men Who Hate Women,Laura Bates,Social Justice & Activism
Make Time: How to Focus on What Matters Every Day,Jake Knapp,Psychology & Self-Help
The Absolutely True Diary of a Part-Time Indian,Sherman Alexie,Young Adult
Star of the North,D.B. John,Contemporary & Literary Fiction
"Goodbye, Things: The New Japanese Minimalism",Fumio Sasaki,Psychology & Self-Help
Permanent Record,Edward Snowden,Biographies & Memoirs
The Botany of Desire: A Plant's-Eye View of the World,Michael Pollan,Biology & Life Sciences
The Lincoln Highway,Amor Towles,Contemporary & Literary Fiction
Project Hail Mary,Andy Weir,Science Fiction
"iWoz: Computer Geek to Cult Icon: How I Invented the Personal Computer, Co-Founded Apple, and Had Fun Doing It",Steve Wozniak,Biographies & Memoirs
Forward: Notes on the Future of Our Democracy,Andrew   Yang,History & Politics
Originals: How Non-Conformists Move the World,Adam M. Grant,Business & Productivity
The Defining Decade: Why Your Twenties MatterAnd How to Make the Most of Them Now,Meg Jay,Psychology & Self-Help
The Scout Mindset: Why Some People See Things Clearly and Others Don't,Julia Galef,Psychology & Self-Help
The Monk Who Sold His Ferrari: A Fable About Fulfilling Your Dreams and Reaching Your Destiny,Robin S. Sharma,Psychology & Self-Help
Fashionopolis: The Price of Fast Fashion and the Future of Clothes,Dana Thomas,Business & Productivity
Spark: The Revolutionary New Science of Exercise and the Brain,John J. Ratey,Medicine & Neuroscience
"The Spirit Catches You and You Fall Down: A Hmong Child, Her American Doctors, and the Collision of Two Cultures",Anne Fadiman,Biographies & Memoirs
Big Bang: The Origin of the Universe,Simon Singh,Astronomy & Cosmology
The Code Book: The Science of Secrecy from Ancient Egypt to Quantum Cryptography,Simon Singh,Computer Science
Fermat's Enigma,Simon Singh,Astronomy & Cosmology
"Sigh, Gone: A Misfit's Memoir of Great Books, Punk Rock, and the Fight to Fit In",Phuc  Tran,Biographies & Memoirs
"Creativity, Inc.: Overcoming the Unseen Forces That Stand in the Way of True Inspiration",Ed Catmull,Business & Productivity
The Friendly Orange Glow: The Untold Story of the PLATO System and the Dawn of Cyberculture,Brian Dear,Computer Science
TED Talks: The Official TED Guide to Public Speaking,Chris J. Anderson,Psychology & Self-Help
The Travelling Cat Chronicles,Hiro Arikawa,Contemporary & Literary Fiction
Pour Your Heart Into It: How Starbucks Built a Company One Cup at a Time,Howard Schultz,Business & Productivity
Salems Lot,Stephen        King,Horror
"The Gunslinger (The Dark Tower, #1)",Stephen        King,Horror
Pet Sematary,Stephen        King,Horror
Carrie,Stephen        King,Horror
Misery,Stephen        King,Horror
The Stand,Stephen        King,Horror
It,Stephen        King,Horror
11/22/63,Stephen        King,Horror
"Hatching Twitter: A True Story of Money, Power, Friendship, and Betrayal",Nick Bilton,Biographies & Memoirs
Becoming Steve Jobs: The Evolution of a Reckless Upstart into a Visionary Leader,Brent Schlender,Biographies & Memoirs
Uncanny Valley,Anna Wiener,Contemporary & Literary Fiction
Born a Crime: Stories From a South African Childhood,Trevor Noah,Biographies & Memoirs
Wild Swans: Three Daughters of China,Jung Chang,Biographies & Memoirs
"The Hundred Years War on Palestine: A History of Settler-Colonial Conquest and Resistance, 19172017",Rashid Khalidi,History & Politics
How to Hide an Empire: A History of the Greater United States,Daniel Immerwahr,History & Politics
The Rational Male,Rollo Tomassi,Psychology & Self-Help
American Gods,Neil Gaiman,Fantasy
Vincent and Theo: The Van Gogh Brothers,Deborah Heiligman,Biographies & Memoirs
Under the Banner of Heaven: A Story of Violent Faith,Jon Krakauer,True Crime
Command-Line Rust: A Project-Based Primer for Writing Rust CLIs,Ken Youens-Clark,Computer Science
What I Talk About When I Talk About Running,Haruki Murakami,Biographies & Memoirs
"Tales from the Caf (Before the Coffee Gets Cold, #2)",Toshikazu Kawaguchi,Contemporary & Literary Fiction
Cognitive Behavior Therapy: Basics and Beyond,Judith S. Beck,Psychology & Self-Help
Flowers for Algernon,Daniel Keyes,Contemporary & Literary Fiction
Plays With Cars,Doug DeMuro,Travel & Adventure
After Dark,Haruki Murakami,Contemporary & Literary Fiction
Kafka on the Shore,Haruki Murakami,Contemporary & Literary Fiction
Novelist as a Vocation,Haruki Murakami,Contemporary & Literary Fiction
"Tuesdays with Morrie: An Old Man, a Young Man, and Life's Greatest Lesson",Mitch Albom,Contemporary & Literary Fiction
Low Tech Life: A Guide to Mindful Digital Minimalism,Jos Briones,Psychology & Self-Help
The Princess Bride,William Goldman,Contemporary & Literary Fiction
Subprime Attention Crisis (FSG Originals x Logic),Tim Hwang,Business & Productivity
A Man Called Ove,Fredrik Backman,Contemporary & Literary Fiction
What You Are Looking For Is in the Library,Michiko Aoyama,Contemporary & Literary Fiction
Earthlings,Sayaka Murata,Contemporary & Literary Fiction
"Salvation of a Saint (Detective Galileo, #2)",Keigo Higashino,Mystery & Thriller
"The Devotion of Suspect X (Detective Galileo, #1)",Keigo Higashino,Mystery & Thriller
Traction: A Startup Guide to Getting Customers,Gabriel Weinberg,Business & Productivity
Predictable Revenue,Aaron Ross,Business & Productivity
"The Upstarts: How Uber, Airbnb, and the Killer Companies of the New Silicon Valley Are Changing the World",Brad Stone,Business & Productivity
The Cold Start Problem: How to Start and Scale Network Effects,Andrew Chen,Business & Productivity
Blitzscaling: The Lightning-Fast Path to Building Massively Valuable Companies,Reid Hoffman,Business & Productivity
Scarcity Brain: Fix Your Craving Mindset and Rewire Your Habits to Thrive with Enough,Michael Easter,Psychology & Self-Help
Almond,Sohn Won-Pyung,Contemporary & Literary Fiction
The Temple of the Golden Pavilion,Yukio Mishima,Philosophical Fiction
Confessions of a Mask,Yukio Mishima,LGBTQ+ Fiction
The Sailor Who Fell from Grace with the Sea,Yukio Mishima,Contemporary & Literary Fiction
Daughters of Shandong,Eve J. Chung,Contemporary & Literary Fiction
In the Miso Soup,Ry Murakami,Contemporary & Literary Fiction
In Praise of Shadows,Jun'ichir Tanizaki,Philosophical Fiction
Billion Dollar Loser: The Epic Rise and Spectacular Fall of Adam Neumann and WeWork,Reeves  Wiedeman,Biographies & Memoirs
"Endure: How to Work Hard, Outlast, and Keep Hammering",Cameron R. Hanes,Business & Productivity
Extreme Ownership: How U.S. Navy SEALs Lead and Win,Jocko Willink,Business & Productivity
I Heard the Owl Call My Name,Margaret Craven,Contemporary & Literary Fiction
"Three Men in a Boat (Three Men, #1)",Jerome K. Jerome,Travel & Adventure
Marathon Man,William Goldman,Mystery & Thriller
Anthem,Ayn Rand,Classics
Planet of the Apes,Pierre Boulle,Science Fiction
On the Road,Jack Kerouac,Contemporary & Literary Fiction
Ethan Frome,Edith Wharton,Contemporary & Literary Fiction
Night,Elie Wiesel,Historical Fiction
The Awakening,Kate Chopin,Contemporary & Literary Fiction
The Legend of Sleepy Hollow,Washington Irving,Classics
Breakfast at Tiffanys and Three Stories,Truman Capote,Contemporary & Literary Fiction
We Have Always Lived in the Castle,Shirley Jackson,Mystery & Thriller
The Nvidia Way: Jensen Huang and the Making of a Tech Giant,Tae   Kim,Biographies & Memoirs
Material World: The Six Raw Materials That Shape Modern Civilization,Ed Conway,History & Politics
Five Decembers,James Kestrel,Mystery & Thriller
Fight Club,Chuck Palahniuk,Philosophical Fiction
"Pinball, 1973 (The Rat, #2)",Haruki Murakami,Contemporary & Literary Fiction
Knee Ability Zero,Ben Patrick,Contemporary & Literary Fiction
Musashi's Book of Five Rings: The Definitive Interpertation of Miyomoto Musashi's Classic Book of Strategy,Stephen F. Kaufman,Philosophy & Thought
How to Not Die Alone: The Surprising Science That Will Help You Find Love,Logan Ury,Psychology & Self-Help
An Immense World: How Animal Senses Reveal the Hidden Realms Around Us,Ed Yong,Biology & Life Sciences
The Rise of the Ultra Runners: A Journey to the Edge of Human Endurance,Adharanand Finn,Health & Fitness
Ultramarathon Man: Confessions of an All-Night Runner,Dean Karnazes,Health & Fitness
"Finding Ultra: Rejecting Middle Age, Becoming One of the World's Fittest Men, and Discovering Myself",Rich Roll,Health & Fitness
"1Q84 (1Q84, #1-3)",Haruki Murakami,Contemporary & Literary Fiction
I Want to Eat Your Pancreas,Yoru Sumino,Young Adult
The Millionaire Fastlane: Crack the Code to Wealth and Live Rich for a Lifetime!,M.J. DeMarco,Business & Productivity
Alibaba: The House That Jack Ma Built,Duncan Clark,Biographies & Memoirs
The White Man's Burden: Why the West's Efforts to Aid the Rest Have Done So Much Ill and So Little Good,William Easterly,History & Politics
The End of Poverty: Economic Possibilities for Our Time,Jeffrey D. Sachs,History & Politics
Poor Economics: A Radical Rethinking of the Way to Fight Global Poverty,Abhijit V. Banerjee,History & Politics
Silence,Shsaku End,Philosophical Fiction
Source Code: My Beginnings,Bill  Gates,Business & Productivity
Who Moved My Cheese? An Amazing Way to Deal with Change in Your Work and in Your Life...,Spencer Johnson,Psychology & Self-Help
"The Secret (The Secret, #1)",Rhonda Byrne,Psychology & Self-Help
"Scale: The Universal Laws of Growth, Innovation, Sustainability, and the Pace of Life in Organisms, Cities, Economies, and Companies",Geoffrey B. West,Biology & Life Sciences
Complexity: The Emerging Science at the Edge of Order and Chaos,M. Mitchell Waldrop,Biology & Life Sciences
The 7 Habits of Highly Effective People,Stephen R. Covey,Psychology & Self-Help
Sea Prayer,Khaled Hosseini,Contemporary & Literary Fiction
The Metamorphosis,Franz Kafka,Philosophical Fiction
Collected Stories,Franz Kafka,Philosophical Fiction
A Faint Heart,Fyodor Dostoevsky,Classics
Real Superpowers That Will Change Your Life,The Math Sorcerer,Psychology & Self-Help
In the Dream House,Carmen Maria Machado,Contemporary & Literary Fiction
Between Two Kingdoms: A Memoir of a Life Interrupted,Suleika Jaouad,Biographies & Memoirs
The Dressmakers of Auschwitz: The True Story of the Women Who Sewed to Survive,Lucy Adlington,Biographies & Memoirs
Women in White Coats: How the First Women Doctors Changed the World of Medicine,Olivia Campbell,Medicine & Neuroscience
Butts: A Backstory,Heather Radke,Biographies & Memoirs
Code Name: Lise: The True Story of the Woman Who Became WWII's Most Highly Decorated Spy,Larry Loftis,Biographies & Memoirs
Shakespeare's Sisters: How Women Wrote the Renaissance,Ramie Targoff,History & Politics
The Elements of Marie Curie: How the Glow of Radium Lit a Path for Women in Science,Dava Sobel,Biographies & Memoirs
Women in the Valley of the Kings: The Untold Story of Women Egyptologists in the Gilded Age,Kathleen Sheppard,History & Politics
Jane Austen's Bookshelf: A Rare Book Collector's Quest to Find the Women Writers Who Shaped a Legend,Rebecca Romney,Biographies & Memoirs
Propaganda Girls: The Secret War of the Women in the OSS,Lisa Rogak,Biographies & Memoirs
Looking at Women Looking at War: A War and Justice Diary,Victoria Amelina,Contemporary & Literary Fiction
Wordslut: A Feminist Guide to Taking Back the English Language,Amanda Montell,Social Justice & Activism
"Blood: The Science, Medicine, and Mythology of Menstruation",Jen Gunter,Medicine & Neuroscience
White Tears/Brown Scars: How White Feminism Betrays Women of Color,Ruby Hamad,Social Justice & Activism
The Good Mother Myth: Unlearning Our Bad Ideas About How to Be a Good Mom,Nancy Reddy,Psychology & Self-Help
Invisible Women: Data Bias in a World Designed for Men,Caroline Criado Prez,Social Justice & Activism
"Cleavage: Men, Women, and the Space Between Us",Jennifer Finney Boylan,LGBTQ+ Fiction
Want,Gillian Anderson,Contemporary & Literary Fiction
It's Not Hysteria: Everything You Need to Know About Your Reproductive Health (But Were Never Told),Karen Tang,Health & Fitness
Mottled Dawn: Fifty Sketches and Stories of Partition,Saadat Hasan Manto,Historical Fiction
Bombay Stories,Saadat Hasan Manto,Contemporary & Literary Fiction
Toba Tek Singh: Stories,Saadat Hasan Manto,Contemporary & Literary Fiction
Manto: Selected Stories,Saadat Hasan Manto,Contemporary & Literary Fiction
"Rousseau and Revolution (The Story of Civilization, #10)",Will Durant,History & Politics
"The Age of Napoleon (The Story of Civilization, #11)",Will Durant,History & Politics
"Fallen Leaves: Last Words on Life, Love, War, and God",Will Durant,Philosophy & Thought
"The Renaissance (The Story of Civilization, #5)",Will Durant,History & Politics
"The Age of Faith (The Story of Civilization, #4)",Will Durant,History & Politics
Story of Civilization,Will Durant,History & Politics
"Caesar and Christ (Story of Civilization, #3)",Will Durant,History & Politics
"The Life of Greece (The Story of Civilization, #2)",Will Durant,History & Politics
The Greatest Minds and Ideas of All Time,Will Durant,History & Politics
"Our Oriental Heritage (The Story of Civilization, #1)",Will Durant,History & Politics
The Story of Philosophy: The Lives and Opinions of the World's Greatest Philosophers,Will Durant,Philosophy & Thought
The Lessons of History,Will Durant,History & Politics
The Pleasures of Philosophy,Durant,Philosophy & Thought
The Dream Machine: J.C.R. Licklider and the Revolution That Made Computing Personal,M. Mitchell Waldrop,Biographies & Memoirs
Where Wizards Stay Up Late: The Origins of the Internet,Katie Hafner,Computer Science
The Idea Factory: Bell Labs and the Great Age of American Innovation,Jon Gertner,Business & Productivity
The Man from the Future: The Visionary Ideas of John von Neumann,Ananyo Bhattacharya,Biographies & Memoirs
A Mind at Play: How Claude Shannon Invented the Information Age,Jimmy Soni,Biographies & Memoirs
Mr. and Mrs. Jinnah: The Marriage that Shook India,Sheela Reddy,Biographies & Memoirs
Freedom At Midnight,Dominique Lapierre,History & Politics
Jinnah of Pakistan,Stanley Wolpert,History & Politics
Roses in December,M.C. Chagla,Contemporary & Literary Fiction
Dead Souls,Nikolai Gogol,Classics
What's Wrong with the World,G.K. Chesterton,Philosophy & Thought
The JFK Conspiracy: The Secret Plot to Kill Kennedyand Why It Failed,Brad Meltzer,History & Politics
Three Wild Dogs and the Truth,Markus Zusak,Historical Fiction
"Pagan's Crusade (Pagan Chronicles, #1)",Catherine Jinks,Young Adult
   ,Jalal ad-Din Muhammad ar-Rumi,Philosophical Fiction
   ,Jalal ad-Din Muhammad ar-Rumi,Philosophical Fiction
 ,Jalal ad-Din Muhammad ar-Rumi,Philosophical Fiction
The Book of Love: Poems of Ecstasy and Longing,Jalal ad-Din Muhammad ar-Rumi,Philosophical Fiction
The Soul of Rumi: A New Collection of Ecstatic Poems,Jalal ad-Din Muhammad ar-Rumi,Religion & Spirituality
The Masnavi: Book Three,Jalal ad-Din Muhammad ar-Rumi,Philosophical Fiction
"The Masnavi, Book Two",Jalal ad-Din Muhammad ar-Rumi,Philosophy & Thought
The Masnavi: Book One,Jalal ad-Din Muhammad ar-Rumi,Philosophy & Thought
The Abolition of Man,C.S. Lewis,Philosophy & Thought
The Last Messiah,Peter Wessel Zapffe,Philosophical Fiction
On the Heights of Despair,Emil M. Cioran,Philosophical Fiction
The Palliative Society: Pain Today,Byung-Chul Han,Philosophy & Thought
Everything Is Tuberculosis: The History and Persistence of Our Deadliest Infection,John Green,Biology & Life Sciences
Mark Twain,Ron Chernow,Biographies & Memoirs
The Unabomber Manifesto: Industrial Society and Its Future,Theodore John Kaczynski,Philosophy & Thought
Confessions of an Eco-Sinner: Tracking Down the Sources of My Stuff,Fred Pearce,Climate & Environment
"Delay, Deny, Defend: Why Insurance Companies Don't Pay Claims and What You Can Do About It",Jay M. Feinman,Business & Productivity
Design Patterns: Elements of Reusable Object-Oriented Software,Erich Gamma,Computer Science
The What If 100 Book: The Most Popular Hypothetical Scenarios Explained With Science,Underknown Corp.,Biology & Life Sciences
Thing Explainer: Complicated Stuff in Simple Words,Randall Munroe,Engineering & Physics
"What If? 2: Additional Serious Scientific Answers to Absurd Hypothetical Questions (What If?, #2)",Randall Munroe,Biology & Life Sciences
How To: Absurd Scientific Advice for Common Real-World Problems,Randall Munroe,Psychology & Self-Help
What If?: Serious Scientific Answers to Absurd Hypothetical Questions,Randall Munroe,Astronomy & Cosmology
Cobalt Red: How the Blood of the Congo Powers Our Lives,Siddharth Kara,History & Politics
Trail of the Lost: The Relentless Search to Bring Home the Missing Hikers of the Pacific Crest Trail,Andrea Lankford,Travel & Adventure
The Bookshop: A History of the American Bookstore,Evan Friss,History & Politics
"How to Tell When We Will Die: On Pain, Disability, and Doom",Johanna Hedva,Philosophical Fiction
Framed: Astonishing True Stories of Wrongful Convictions,John Grisham,True Crime
All in Her Head: The Truth and Lies Early Medicine Taught Us About Women's Bodies and Why It Matters Today,Elizabeth Comen,Medicine & Neuroscience
Nuclear War: A Scenario,Annie Jacobsen,History & Politics
We Used to Live Here,Marcus Kliewer,Contemporary & Literary Fiction
You Like It Darker,Stephen        King,Horror
"Moon of the Crusted Snow (Moon, #1)",Waubgeshig Rice,Contemporary & Literary Fiction
"Moon of the Turning Leaves (Moon, #2)",Waubgeshig Rice,Contemporary & Literary Fiction
Bride,Ali Hazelwood,Romance
Funny Story,Emily Henry,Contemporary & Literary Fiction
The God of the Woods,Liz    Moore,Contemporary & Literary Fiction
The Booklover's Library,Madeline  Martin,Contemporary & Literary Fiction
The Women,Kristin Hannah,Historical Fiction
The Ethnic Cleansing of Palestine,Ilan Papp,History & Politics
HTML and CSS: Design and Build Websites,Jon Duckett,Computer Science
Intimations,Zadie Smith,Contemporary & Literary Fiction
Stay True,Hua Hsu,Contemporary & Literary Fiction
"Why Fish Dont Exist: A Story of Loss, Love, and the Hidden Order of Life",Lulu Miller,Biology & Life Sciences
How to Do Nothing: Resisting the Attention Economy,Jenny Odell,Psychology & Self-Help
Crying in H Mart,Michelle Zauner,Biographies & Memoirs
Humankind: A Hopeful History,Rutger Bregman,History & Politics
Models: Attract Women Through Honesty,Mark Manson,Psychology & Self-Help
Philosophical Investigations,Ludwig Wittgenstein,Philosophy & Thought
Utopia for Realists: How We Can Build the Ideal World,Rutger Bregman,History & Politics
Four Thousand Weeks: Time Management for Mortals,Oliver Burkeman,Psychology & Self-Help
Psycho-Cybernetics: A New Way to Get More Living Out of Life,Maxwell Maltz,Psychology & Self-Help
"The Masculine in Relationship: A Blueprint for Inspiring the Trust, Lust, and Devotion of a Strong Woman",G.S. Youngblood,Psychology & Self-Help
"Take Command: Find Your Inner Strength, Build Enduring Relationships, and Live the Life You Want (Dale Carnegie Books)",Joe   Hart,Psychology & Self-Help
Phenomenology of Perception,Maurice Merleau-Ponty,Philosophy & Thought
"Firestarters: How Innovators, Instigators, and Initiators Can Inspire You to Ignite Your Own Life",Raoul Davis Jr.,Psychology & Self-Help
The Uni-Verse: The Ultimate Guide to Surviving University,Jack  Edwards,Psychology & Self-Help
The Almanack of Naval Ravikant: A Guide to Wealth and Happiness,Eric Jorgenson,Business & Productivity
Artificial Intelligence: A Guide for Thinking Humans,Melanie  Mitchell,Computer Science
The Art of Statistics: How to Learn from Data,David Spiegelhalter,Psychology & Self-Help
Hello World: Being Human in the Age of Algorithms,Hannah Fry,Computer Science
The Pragmatic Programmer: From Journeyman to Master,Dave         Thomas,Business & Productivity
The Unicorn Project,Gene Kim,Business & Productivity
"The Phoenix Project: A Novel About IT, DevOps, and Helping Your Business Win",Gene Kim,Business & Productivity
The One Thing: The Surprisingly Simple Truth Behind Extraordinary Results,Gary Keller,Business & Productivity
Soft Skills: The Software Developer's Life Manual,John Z. Sonmez,Business & Productivity
PHP & MySQL: Server-side Web Development,Jon Duckett,Computer Science
JavaScript and jQuery: Interactive Front-End Web Development,Jon Duckett,Computer Science
The Sorrows of Young Werther,Johann Wolfgang von Goethe,Classics
The End of Wisdom: Why Most Advice is Bullsh*t,Farah Nabih Smaily,Psychology & Self-Help
The Creative Act: A Way of Being,Rick Rubin,Psychology & Self-Help
Upheaval: Turning Points for Nations in Crisis,Jared Diamond,History & Politics
Patterns Of Culture,Ruth Benedict,Philosophy & Thought
The World Until Yesterday: What Can We Learn from Traditional Societies?,Jared Diamond,History & Politics
Less Is More: How Degrowth Will Save the World,Jason Hickel,History & Politics
The Unseen Truth: When Race Changed Sight in America,Sarah   Lewis,Social Justice & Activism
Discipline and Punish: The Birth of the Prison,Michel Foucault,Philosophy & Thought
On the Genealogy of Morals,Friedrich Nietzsche,Philosophy & Thought
Erotism: Death and Sensuality,Georges Bataille,Philosophical Fiction
The Gay Science: With a Prelude in Rhymes and an Appendix of Songs,Friedrich Nietzsche,Philosophy & Thought
Spinoza: Practical Philosophy,Gilles Deleuze,Philosophy & Thought
Ethics,Baruch Spinoza,Philosophy & Thought
De Anima (On the Soul),Aristotle,Philosophy & Thought
The Art of Rhetoric,Aristotle,Philosophy & Thought
Physics,Aristotle,Engineering & Physics
Poetics,Aristotle,Philosophy & Thought
Metaphysics,Aristotle,Philosophy & Thought
"Help!: How to Be Slightly Happier, Slightly More Successful and Get a Bit More Done",Oliver Burkeman,Psychology & Self-Help
Meditations for Mortals: Four Weeks to Embrace Your Limitations and Make Time for What Counts,Oliver Burkeman,Psychology & Self-Help
The Antidote: Happiness for People Who Can't Stand Positive Thinking,Oliver Burkeman,Psychology & Self-Help
The Eighteenth Brumaire of Louis Bonaparte,Karl Marx,History & Politics
The Marx-Engels Reader,Karl Marx,Philosophy & Thought
"Zen and the Art of Motorcycle Maintenance: An Inquiry Into Values (Phaedrus, #1)",Robert M. Pirsig,Philosophical Fiction
Nonsense on Stilts: How to Tell Science from Bunk,Massimo Pigliucci,Philosophy & Thought
Bad Astronomy,Philip Plait,Astronomy & Cosmology
The Society of the Spectacle,Guy Debord,Philosophy & Thought
Orientalism,Edward W. Said,History & Politics
The Wretched of the Earth,Frantz Fanon,History & Politics
Das Kapital,Karl Marx,History & Politics
Capitalist Realism: Is There No Alternative?,Mark Fisher,History & Politics
The Communist Manifesto,Karl Marx,History & Politics
Elite Capture: How the Powerful Took Over Identity Politics (And Everything Else),Olfmi O. Tw,History & Politics
When You Are Engulfed in Flames,David Sedaris,Biographies & Memoirs
Let's Pretend This Never Happened: A Mostly True Memoir,Jenny  Lawson,Biographies & Memoirs
A Clockwork Orange,Anthony Burgess,Classics
Catch-22,Joseph Heller,Contemporary & Literary Fiction
Atlas Shrugged,Ayn Rand,Philosophical Fiction
One Flew Over the Cuckoos Nest,Ken Kesey,Contemporary & Literary Fiction
The Prime of Miss Jean Brodie,Muriel Spark,Contemporary & Literary Fiction
The Inmate,Freida McFadden,Mystery & Thriller
"The Perfect Marriage (Perfect, #1)",Jeneva Rose,Mystery & Thriller
Never Lie,Freida McFadden,Mystery & Thriller
Behind Closed Doors,B.A. Paris,Mystery & Thriller
Pretty Girls,Karin Slaughter,Mystery & Thriller
The Woman in White,Wilkie Collins,Mystery & Thriller
"The Moosewood Cookbook: Recipes from Moosewood Restaurant, Ithaca, New York",Mollie Katzen,Food & Cookbooks
Barefoot Contessa Family Style: Easy Ideas and Recipes That Make Everyone Feel Like Family,Ina Garten,Food & Cookbooks
Essentials of Classic Italian Cooking,Marcella Hazan,Food & Cookbooks
Mastering the Art of French Cooking,Julia Child,Food & Cookbooks
The Fannie Farmer Cookbook,Marion Cunningham,Food & Cookbooks
The New Basics Cookbook,Julee Rosso,Food & Cookbooks
The Joy of Cooking,Irma S. Rombauer,Food & Cookbooks
Essentialism: The Disciplined Pursuit of Less,Greg McKeown,Business & Productivity
To Overthrow the World: The Rise and Fall and Rise of Communism,Sean McMeekin,History & Politics
Everything Is F*cked: A Book About Hope,Mark Manson,Psychology & Self-Help
The Extinction of Experience: Being Human in a Disembodied World,Christine Rosen,Philosophical Fiction
Eugene Onegin,Alexander Pushkin,Classics
Norwegian Wood,Haruki Murakami,Contemporary & Literary Fiction
Seeing,Jos Saramago,Contemporary & Literary Fiction
Blindness,Jos Saramago,Philosophical Fiction
The Unbearable Lightness of Being,Milan Kundera,Contemporary & Literary Fiction
One hundred years of solitude,Gabriel Garca Mrquez,Magical Realism
Demons,Fyodor Dostoevsky,Classics
Gravitys Rainbow,Thomas Pynchon,Philosophical Fiction
And Every Morning the Way Home Gets Longer and Longer,Fredrik Backman,Contemporary & Literary Fiction
Selected Poetry,Percy Bysshe Shelley,Classics
Tawaf E Ishq /  ,Sumaira Hameed,Contemporary & Literary Fiction
"There's Treasure Everywhere (Calvin and Hobbes, #10)",Bill Watterson,Young Adult
The Calvin and Hobbes Tenth Anniversary Book,Bill Watterson,Young Adult
"Homicidal Psycho Jungle Cat (Calvin and Hobbes, #9)",Bill Watterson,Young Adult
"The Days Are Just Packed (Calvin and Hobbes, #8)",Bill Watterson,Young Adult
"Attack of the Deranged Mutant Killer Monster Snow Goons (Calvin and Hobbes, #7)",Bill Watterson,Young Adult
The Indispensable Calvin and Hobbes,Bill Watterson,Young Adult
The Authoritative Calvin and Hobbes: A Calvin and Hobbes Treasury,Bill Watterson,Childhood
"Scientific Progress Goes ""Boink"" (Calvin and Hobbes, #6)",Bill Watterson,Children's Literature
"The Revenge of the Baby-Sat (Calvin and Hobbes, #5)",Bill Watterson,Young Adult
"Weirdos from Another Planet! (Calvin and Hobbes, #4)",Bill Watterson,Young Adult
"Yukon Ho! (Calvin and Hobbes, #3)",Bill Watterson,Young Adult
Something Under the Bed Is Drooling,Bill Watterson,Young Adult
"Calvin and Hobbes (Calvin and Hobbes, #1)",Bill Watterson,Young Adult
"It's a Magical World (Calvin and Hobbes, #11)",Bill Watterson,Contemporary & Literary Fiction
Just Mercy,Bryan Stevenson,Social Justice & Activism
Know My Name,Chanel Miller,Biographies & Memoirs
"Crooked Kingdom (Six of Crows, #2)",Leigh Bardugo,Young Adult
"Wind and Truth (The Stormlight Archive, #5)",Brandon Sanderson,Fantasy
The Sunlit Man,Brandon Sanderson,Fantasy
"Rhythm of War (The Stormlight Archive, #4)",Brandon Sanderson,Fantasy
"Dawnshard (The Stormlight Archive, #3.5)",Brandon Sanderson,Fantasy
"Oathbringer (The Stormlight Archive, #3)",Brandon Sanderson,Fantasy
"Edgedancer (The Stormlight Archive, #2.5)",Brandon Sanderson,Fantasy
"Words of Radiance (The Stormlight Archive, #2)",Brandon Sanderson,Fantasy
"The Way of Kings (The Stormlight Archive, #1)",Brandon Sanderson,Fantasy
Protocols: An Operating Manual for the Human Body,Andrew D. Huberman,Medicine & Neuroscience
Never Finished,David Goggins,Health & Fitness
Maldoror and the Complete Works,Comte de Lautramont,Philosophical Fiction
The Age of Innocence,Edith Wharton,Classics
The Midnight Library,Matt Haig,Contemporary & Literary Fiction
Where the Sidewalk Ends: Poems and Drawings,Shel Silverstein,Young Adult
"Crank Palace (The Maze Runner, #3.5)",James Dashner,Young Adult
"The Death Cure (The Maze Runner, #3)",James Dashner,Young Adult
"The Scorch Trials (The Maze Runner, #2)",James Dashner,Young Adult
"The Maze Runner (The Maze Runner, #1)",James Dashner,Young Adult
All the Light We Cannot See,Anthony Doerr,Historical Fiction
"The Giver (The Giver, #1)",Lois Lowry,Young Adult
"A Dream of Spring (A Song of Ice and Fire, #7)",George R.R. Martin,Fantasy
"The Winds of Winter (A Song of Ice and Fire, #6)",George R.R. Martin,Fantasy
"A Dance with Dragons (A Song of Ice and Fire, #5)",George R.R. Martin,Fantasy
"A Feast for Crows (A Song of Ice and Fire, #4)",George R.R. Martin,Fantasy
"A Storm of Swords (A Song of Ice and Fire, #3)",George R.R. Martin,Fantasy
"A Clash of Kings  (A Song of Ice and Fire, #2)",George R.R. Martin,Fantasy
"A Game of Thrones (A Song of Ice and Fire, #1)",George R.R. Martin,Fantasy
"Holes (Holes, #1)",Louis Sachar,Young Adult
Paper Towns,John Green,Young Adult
The Curious Incident of the Dog in the Night-Time,Mark Haddon,Contemporary & Literary Fiction
Looking for Alaska,John Green,Young Adult
"Eat, Pray, Love",Elizabeth Gilbert,Travel & Adventure
"The Notebook (The Notebook, #1)",Nicholas Sparks,Romance
The Girl on the Train,Paula Hawkins,Mystery & Thriller
Where the Crawdads Sing,Delia Owens,Contemporary & Literary Fiction
The Outsiders,S.E. Hinton,Young Adult
"Doctor Sleep (The Shining, #2)",Stephen        King,Horror
"The Shining (The Shining, #1)",Stephen        King,Horror
The DaVinci Code: A Quest for Answers,Josh McDowell,Mystery & Thriller
And Then There Were None,Agatha Christie,Mystery & Thriller
"A Court of Silver Flames (A Court of Thorns and Roses, #4)",Sarah J. Maas,Fantasy
"A Court of Frost and Starlight (A Court of Thorns and Roses, #3.5)",Sarah J. Maas,Young Adult
"A Court of Wings and Ruin (A Court of Thorns and Roses, #3)",Sarah J. Maas,Young Adult
"A Court of Mist and Fury (A Court of Thorns and Roses, #2)",Sarah J. Maas,Young Adult
"A Court of Thorns and Roses (A Court of Thorns and Roses, #1)",Sarah J. Maas,Young Adult
The Nightingale,Kristin Hannah,Historical Fiction
The Lovely Bones,Alice Sebold,Contemporary & Literary Fiction
Memoirs of a Geisha,Arthur Golden,Biographies & Memoirs
"The Tattooist of Auschwitz (The Tattooist of Auschwitz, #1)",Heather   Morris,Historical Fiction
The Boy in the Striped Pajamas,John Boyne,Historical Fiction
As Long as the Lemon Trees Grow,Zoulfa Katouh,Contemporary & Literary Fiction
The Help,Kathryn Stockett,Contemporary & Literary Fiction
The Secret Life of Bees,Sue Monk Kidd,Contemporary & Literary Fiction
"How Life Imitates Chess: Making the Right Moves, from the Board to the Boardroom",Garry Kasparov,Business & Productivity
"Garry Kasparov on My Great Predecessors, Part 1",Garry Kasparov,Biographies & Memoirs
"Chess: 5334 Problems, Combinations and Games",Lszl Polgr,Computer Science
My System: A Treatise on Chess (Tartan Books),Aron Nimzowitsch,Philosophy & Thought
Logical Chess - Move By Move,Irving Chernev,Business & Productivity
Code: The Hidden Language of Computer Hardware and Software,Charles Petzold,Computer Science
Invent Your Own Computer Games With Python,Al Sweigart,Computer Science
Chess Meets of the Century,Bobby Fischer,Biographies & Memoirs
Chess For Beginners: Learn The Best Opening Strategies And Endgame Tactics While Boosting Problem-Solving And Critical Thinking Skills,Bobby Fischer,Psychology & Self-Help
Bobby Fischer's Games of Chess,Bobby Fischer,Biographies & Memoirs
I Was Tortured in the Pasadena Jailhouse,Bobby Fischer,Biographies & Memoirs
My 60 Memorable Games,Bobby Fischer,Biographies & Memoirs
Bobby Fischer Teaches Chess,Bobby Fischer,Biographies & Memoirs
How to Become a Straight-A Student,Cal Newport,Business & Productivity
So Good They Can't Ignore You: Why Skills Trump Passion in the Quest for Work You Love,Cal Newport,Business & Productivity
"The Comfort Crisis: Embrace Discomfort To Reclaim Your Wild, Happy, Healthy Self",Michael Easter,Psychology & Self-Help
The Anxious Generation: How the Great Rewiring of Childhood Caused an Epidemic of Mental Illness,Jonathan Haidt,Psychology & Self-Help
Ultra-Processed People: The Science Behind Food That Isn't Food,Chris van Tulleken,Health & Fitness
Letter to His Father,Franz Kafka,Philosophical Fiction
Stolen Focus: Why You Can't Pay Attention and How to Think Deeply Again,Johann Hari,Psychology & Self-Help
The Glass Hotel,Emily St. John Mandel,Contemporary & Literary Fiction
"Men Are from Mars, Women Are from Venus",John  Gray,Psychology & Self-Help
"Still Me (Me Before You, #3)",Jojo Moyes,Contemporary & Literary Fiction
"After You (Me Before You, #2)",Jojo Moyes,Contemporary & Literary Fiction
"Me Before You (Me Before You, #1)",Jojo Moyes,Contemporary & Literary Fiction
Water for Elephants,Sara Gruen,Historical Fiction
White Nights,Fyodor Dostoevsky,Classics
The Kite Runner,Khaled Hosseini,Historical Fiction
A Thousand Splendid Suns,Khaled Hosseini,Historical Fiction
And the Mountains Echoed,Khaled Hosseini,Contemporary & Literary Fiction
A Little Life,Hanya Yanagihara,Contemporary & Literary Fiction
I Can Make You Happy,Paul McKenna,Psychology & Self-Help
"Python Crash Course: A Hands-On, Project-Based Introduction to Programming",Eric Matthes,Computer Science
Stopping By Woods on a Snowy Evening,Robert Frost,Classics
Inner Dimensions of Islamic Worship,Abu Hamid al-Ghazali,Religion & Spirituality
Ihya Ulum Id Din,Abu Hamid al-Ghazali,Religion & Spirituality
Al-Ghazali's Path to Sufism: His Deliverance from Error (al-Munqidh min al-Dalal),Abu Hamid al-Ghazali,Religion & Spirituality
The Alchemy of Happiness,Abu Hamid al-Ghazali,Philosophy & Thought
  ,Al-Farabi,Philosophy & Thought
Mutluluun Kazanlmas (Tahsilu's-Sa'ada),Al-Farabi,Philosophy & Thought
    ,Al-Farabi,Philosophy & Thought
Alfarabi's Philosophy of Plato and Aristotle,Al-Farabi,Philosophy & Thought
"The Political Writings: ""Selected Aphorisms"" and Other Texts (Agora Editions) (VOLUME 1)",Al-Farabi,Philosophy & Thought
"The Political Writings: ""Political Regime"" and ""Summary of Plato's Laws"" (Agora Editions)",Al-Farabi,Philosophy & Thought
Le recensement des sciences,Al-Farabi,Philosophy & Thought
Ibn Sinas Remarks and Admonitions: Physics and Metaphysics: An Analysis and Annotated Translation,Avicenna,Philosophy & Thought
The Metaphysics of The Healing,Avicenna,Philosophy & Thought
Avicenna Canon of Medicine Complete Five Volume Set,Avicenna,Medicine & Neuroscience
An Arab Philosophy Of History. Selections from the Prolegomena of Ibn Khaldun of Tunis (1332-1406),Ibn Khaldun,History & Politics
   #1,Ibn Khaldun,History & Politics
The Muqaddimah: An Introduction to History,Ibn Khaldun,History & Politics
Zaboor-e-Ajam,Muhammad Iqbal,Philosophical Fiction
Javed Nama (Urdu) /  ,Muhammad Iqbal,Philosophical Fiction
       ,ibn Rushd,Philosophy & Thought
 ,ibn Rushd,Philosophy & Thought
Decisive Treatise and Epistle Dedicatory (Brigham Young University - Islamic Translation Series),ibn Rushd,Philosophy & Thought
On the Harmony of Religions and Philosophy,ibn Rushd,Philosophy & Thought
"Averroes, the Decisive Treatise: The Connection Between Islamic Religious Law and Philosophy (7)",ibn Rushd,Philosophy & Thought
"Averroes on Plato's ""Republic"" (Agora Editions)",ibn Rushd,Philosophy & Thought
Faith and Reason in Islam: Averroes' Exposition of Religious Arguments (Great Islamic Writings),ibn Rushd,Philosophy & Thought
"Ibn Rushd's Metaphysics: A translation with introduction of Ibn Rushd's commentary on Aristotle's metaphysics, book Lm (Islamic philosophy and theology)",ibn Rushd,Philosophy & Thought
The Distinguished Jurist's Primer 2-Volume Set: Bidayat al-Mujtahid wa Nihayat al-Muqtasid (Great Books of Islamic Civilization),ibn Rushd,Philosophy & Thought
"Before the Coffee Gets Cold (Before the Coffee Gets Cold, #1)",Toshikazu Kawaguchi,Contemporary & Literary Fiction
"Purification of the Heart: Signs, Symptoms and Cures of the Spiritual Diseases of the Heart",Hamza Yusuf,Religion & Spirituality
The Essential Rumi,Jalal ad-Din Muhammad ar-Rumi,Philosophy & Thought
Cosmos: Possible Worlds,Ann Druyan,Astronomy & Cosmology
The Magic Shop,H.G. Wells,Fantasy
"Blood Meridian, or, the Evening Redness in the West",Cormac McCarthy,Contemporary & Literary Fiction
Isaac Newton,James Gleick,Biographies & Memoirs
Wizard: The Life and Times of Nikola Tesla: Biography of a Genius,Marc J. Seifer,Biographies & Memoirs
The Letters of Vincent van Gogh,Vincent van Gogh,Biographies & Memoirs
The Pope of Physics: Enrico Fermi and the Birth of the Atomic Age,Gino Segr,Astronomy & Cosmology
Gandhi: His Life and Message for the World,Louis Fischer,Biographies & Memoirs
Racing Weight: How to Get Lean for Peak Performance,Matt Fitzgerald,Health & Fitness
Never Split the Difference: Negotiating as if Your Life Depended on It,Chris Voss,Psychology & Self-Help
How Asia Works: Success and Failure in the World's Most Dynamic Region,Joe Studwell,History & Politics
Lee Kuan Yew: Hard Truths To Keep Singapore Going,Zuraidah Ibrahim,Biographies & Memoirs
A. Lincoln,Ronald C. White Jr.,Biographies & Memoirs
Einstein: The Life and Times,Ronald William Clark,Biographies & Memoirs
"Generative Deep Learning: Teaching Machines to Paint, Write, Compose, and Play",David        Foster,Computer Science
"Machine Learning Design Patterns: Solutions to Common Challenges in Data Preparation, Model Building, and MLOps",Valliappa Lakshmanan,Computer Science
Deep Learning for Coders with Fastai and Pytorch: AI Applications Without a PhD,Jeremy   Howard,Computer Science
Designing Data-Intensive Applications,Martin Kleppmann,Computer Science
Designing Machine Learning Systems: An Iterative Process for Production-Ready Applications,Chip Huyen,Computer Science
Deep Learning with Python,Franois Chollet,Computer Science
LLM Engineer's Handbook: Master the art of engineering large language models from concept to production,Paul Iusztin,Computer Science
Hands-On Machine Learning with Scikit-Learn and TensorFlow,Aurlien Gron,Computer Science
Data Science from Scratch: First Principles with Python,Joel Grus,Computer Science
Python for Data Analysis,Wes McKinney,Computer Science
Algorithms to Live By: The Computer Science of Human Decisions,Brian  Christian,Computer Science
Clean Code: A Handbook of Agile Software Craftsmanship,Robert C. Martin,Business & Productivity
Introduction to Algorithms,Thomas H. Cormen,Computer Science
A Thousand Brains: A New Theory of Intelligence,Jeff Hawkins,Computer Science
Nexus: A Brief History of Information Networks from the Stone Age to AI,Yuval Noah Harari,History & Politics
Practical Statistics for Data Scientists: 50 Essential Concepts,Peter Bruce,Computer Science
No Longer Human,Osamu Dazai,Philosophical Fiction
Beyond Order: 12 More Rules For Life,Jordan B. Peterson,Psychology & Self-Help
12 Rules for Life: An Antidote to Chaos,Jordan B. Peterson,Psychology & Self-Help
No One Writes Back,Jang    Eun-Jin,Contemporary & Literary Fiction
"The Rust Programming Language, 2nd Edition",Steve Klabnik,Computer Science
"Revenge of the Tipping Point: Overstories, Superspreaders, and the Rise of Social Engineering",Malcolm Gladwell,History & Politics
The Millionaire Next Door: The Surprising Secrets of America's Wealthy,Thomas J. Stanley,Finance & Investing
Business Model Generation,Alexander Osterwalder,Business & Productivity
The Art of Seduction,Robert Greene,Psychology & Self-Help
The Housekeeper and the Professor,Yko Ogawa,Contemporary & Literary Fiction
How Do You Live?,Genzaburo Yoshino,Contemporary & Literary Fiction
Persuasion: The Art of Influencing People,James Borg,Psychology & Self-Help
Im Glad My Mom Died,Jennette McCurdy,Biographies & Memoirs
Pachinko,Min Jin Lee,Historical Fiction
Dark Matter,Blake Crouch,Science Fiction
"It Ends with Us (It Ends with Us, #1)",Colleen Hoover,Romance
The Fault in Our Stars,John Green,Young Adult
Tao Te Ching,Lao Tzu,Philosophy & Thought
How to Set Up Your Desk: A Guide to Fixing a (Surprisingly) Overlooked Productivity Problem,Matt Perman,Business & Productivity
Musashi,Eiji Yoshikawa,Historical Fiction
The Minimalist Program (Current Studies in Linguistics),Noam Chomsky,Philosophy & Thought
Breath: The New Science of a Lost Art,James Nestor,Health & Fitness
"Fifty Shades Freed (Fifty Shades, #3)",E.L. James,Romance
"Fifty Shades Darker (Fifty Shades, #2)",E.L. James,Romance
"Fifty Shades of Grey (Fifty Shades, #1)",E.L. James,Romance
Your Brain On Porn: Internet Pornography and the Emerging Science of Addiction,Gary Wilson,Medicine & Neuroscience
Be Useful: Seven Tools for Life,Arnold Schwarzenegger,Psychology & Self-Help
The Overcoat,Nikolai Gogol,Classics
The Judgement (Short Story),Franz Kafka,Philosophical Fiction
The Great Wall of China,Franz Kafka,Philosophical Fiction
"God Sees the Truth, but Waits",Leo Tolstoy,Classics
Three Questions,Leo Tolstoy,Philosophical Fiction
Piranesi,Susanna Clarke,Contemporary & Literary Fiction
White Teeth,Zadie Smith,Contemporary & Literary Fiction
The Girl with the Louding Voice,Abi Dar,Contemporary & Literary Fiction
Home Fire,Kamila Shamsie,Contemporary & Literary Fiction
Demon Copperhead,Barbara Kingsolver,Contemporary & Literary Fiction
Small Things Like These,Claire Keegan,Contemporary & Literary Fiction
The Island of Missing Trees,Elif Shafak,Contemporary & Literary Fiction
The Promise,Damon Galgut,Contemporary & Literary Fiction
Hamnet,Maggie O'Farrell,Contemporary & Literary Fiction
A Midsummer Nights Dream,William Shakespeare,Classics
Macbeth,William Shakespeare,Classics
Hamlet,William Shakespeare,Classics
Romeo and Juliet,William Shakespeare,Classics
The Bee Sting,Paul Murray,Contemporary & Literary Fiction
Normal People,Sally Rooney,Contemporary & Literary Fiction
Outline,Rachel Cusk,Contemporary & Literary Fiction
The Song of Achilles,Madeline Miller,LGBTQ+ Fiction
There There,Tommy Orange,Contemporary & Literary Fiction
The Dream of a Ridiculous Man,Fyodor Dostoevsky,Classics
The Christmas Tree and the Wedding,Fyodor Dostoevsky,Classics
Poor People and A Little Hero,Fyodor Dostoevsky,Classics
An Abundance of Wild Roses,Feryal Ali-Gauhar,Contemporary & Literary Fiction
Mornings in Jenin,Susan Abulhawa,Contemporary & Literary Fiction
Against the Loveless World,Susan Abulhawa,Contemporary & Literary Fiction
"Born to Run, Eat and Run, Running with the Kenyans 3 Books Collection Set",Christopher McDougall,Health & Fitness
North: Finding My Way While Running the Appalachian Trail,Scott Jurek,Biographies & Memoirs
Eat & Run: My Unlikely Journey to Ultramarathon Greatness,Scott Jurek,Health & Fitness
"Unbroken: A World War II Story of Survival, Resilience and Redemption",Laura Hillenbrand,Historical Fiction
Shoe Dog: A Memoir by the Creator of Nike,Phil Knight,Biographies & Memoirs
Spaceman: An Astronaut's Unlikely Journey to Unlock the Secrets of the Universe,Mike Massimino,Biographies & Memoirs
Mans Search for Meaning,Viktor E. Frankl,Philosophy & Thought
The Power of Habit: Why We Do What We Do in Life and Business,Charles Duhigg,Psychology & Self-Help
Blink: The Power of Thinking Without Thinking,Malcolm Gladwell,Psychology & Self-Help
Howards End,E.M. Forster,Classics
The Razors Edge,W. Somerset Maugham,Philosophical Fiction
Brighton Rock,Graham Greene,Mystery & Thriller
Nadja,Andr Breton,Philosophical Fiction
"The Case-Book of Sherlock Holmes (Sherlock Holmes, #9)",Arthur Conan Doyle,Mystery & Thriller
"His Last Bow (Sherlock Holmes, #8)",Arthur Conan Doyle,Mystery & Thriller
"The Valley of Fear (Sherlock Holmes, #7)",Arthur Conan Doyle,Mystery & Thriller
"The Return of Sherlock Holmes (Sherlock Holmes, #6)",Arthur Conan Doyle,Mystery & Thriller
"The Hound of the Baskervilles (Sherlock Holmes, #5)",Arthur Conan Doyle,Mystery & Thriller
"The Memoirs of Sherlock Holmes (Sherlock Holmes, #4)",Arthur Conan Doyle,Mystery & Thriller
"The Adventures of Sherlock Holmes (Sherlock Holmes, #3)",Arthur Conan Doyle,Mystery & Thriller
"The Sign of Four (Sherlock Holmes, #2)",Arthur Conan Doyle,Mystery & Thriller
"A Study in Scarlet (Sherlock Holmes, #1)",Arthur Conan Doyle,Mystery & Thriller
Roxana,Daniel Defoe,Historical Fiction
The Underground Railroad,Colson Whitehead,Historical Fiction
Slaughterhouse-Five,Kurt Vonnegut Jr.,Contemporary & Literary Fiction
"The Talented Mr. Ripley (Ripley, #1)",Patricia Highsmith,Mystery & Thriller
"The Lion, the Witch and the Wardrobe (Chronicles of Narnia, #1)",C.S. Lewis,Fantasy
"Mockingjay (The Hunger Games, #3)",Suzanne Collins,Young Adult
"Catching Fire (The Hunger Games, #2)",Suzanne Collins,Young Adult
The Secret History,Donna Tartt,Contemporary & Literary Fiction
The Old Man and the Sea,Ernest Hemingway,Classics
The Strange Case of Dr. Jekyll and Mr. Hyde and Other Tales of Terror,Robert Louis Stevenson,Horror
The Birth of Tragedy,Friedrich Nietzsche,Philosophy & Thought
A Happy Death,Albert Camus,Philosophical Fiction
The Myth of Sisyphus and Other Essays,Albert Camus,Philosophical Fiction
The Myth of Sisyphus,Albert Camus,Philosophical Fiction
The Fall,Albert Camus,Philosophical Fiction
The Plague,Albert Camus,Philosophical Fiction
The Stranger,Albert Camus,Philosophical Fiction
Sons and Lovers,D.H. Lawrence,Contemporary & Literary Fiction
The Good Soldier: A Tale of Passion,Ford Madox Ford,Philosophical Fiction
The Bluest Eye,Toni Morrison,Contemporary & Literary Fiction
Les Aventures de Tom Sawyer - The Adventures of Tom Sawye,Mark Twain,Young Adult
Mrs. Dalloway,Virginia Woolf,Contemporary & Literary Fiction
The Master and Margarita,Mikhail Bulgakov,Philosophical Fiction
Season of Migration to the North,Tayeb Salih,Contemporary & Literary Fiction
East of Eden,John Steinbeck,Contemporary & Literary Fiction
North and South,Elizabeth Gaskell,Historical Fiction
Northanger Abbey,Jane Austen,Classics
Lady Susan,Jane Austen,Classics
Sense and Sensibility,Jane Austen,Classics
Persuasion,Jane Austen,Classics
Americanah,Chimamanda Ngozi Adichie,Contemporary & Literary Fiction
Vile Bodies,Evelyn Waugh,Contemporary & Literary Fiction
"Things Fall Apart (The African Trilogy, #1)",Chinua Achebe,Contemporary & Literary Fiction
Middlemarch,George Eliot,Classics
Charlottes Web,E.B. White,Young Adult
A Farewell to Arms,Ernest Hemingway,Contemporary & Literary Fiction
Tess of the DUrbervilles,Thomas Hardy,Classics
Veronika Decides to Die,Paulo Coelho,Philosophical Fiction
Rebecca,Daphne du Maurier,Historical Fiction
Around the World in Eighty Days,Jules Verne,Historical Fiction
The Crying of Lot 49,Thomas Pynchon,Contemporary & Literary Fiction
The Scarlet Letter,Nathaniel Hawthorne,Classics
"Paradise (Beloved Trilogy, #3)",Toni Morrison,Contemporary & Literary Fiction
"Jazz (Beloved Trilogy, #2)",Toni Morrison,Contemporary & Literary Fiction
"Beloved (Beloved Trilogy, #1)",Toni Morrison,Contemporary & Literary Fiction
The Iliad,Homer,Classics
The Odyssey,Homer,Classics
Treasure Island,Robert Louis Stevenson,Classics
Life of Pi,Yann Martel,Magical Realism
"The Testaments (The Handmaid's Tale, #2)",Margaret Atwood,Contemporary & Literary Fiction
"The Handmaids Tale (The Handmaid's Tale, #1)",Margaret Atwood,Contemporary & Literary Fiction
A Journal of the Plague Year,Daniel Defoe,Historical Fiction
"Sandworms of Dune (Dune, #8)",Brian Herbert,Science Fiction
"Hunters of Dune (Dune, #7)",Brian Herbert,Science Fiction
Chapterhouse: Dune (Dune #6),Frank Herbert,Science Fiction
Heretics of Dune (Dune #5),Frank Herbert,Science Fiction
God Emperor of Dune (Dune #4),Frank Herbert,Science Fiction
Children of Dune (Dune #3),Frank Herbert,Science Fiction
Dune Messiah (Dune #2),Frank Herbert,Science Fiction
"The Hitchhikers Guide to the Galaxy (Hitchhiker's Guide to the Galaxy, #1)",Douglas Adams,Science Fiction
Heart of Darkness,Joseph Conrad,Classics
Wide Sargasso Sea,Jean Rhys,Contemporary & Literary Fiction
"Little Women (Little Women, #1)",Louisa May Alcott,Historical Fiction
To the Lighthouse,Virginia Woolf,Contemporary & Literary Fiction
The Bell Jar,Sylvia Plath,Contemporary & Literary Fiction
Bleak House,Charles Dickens,Classics
Oliver Twist,Charles Dickens,Classics
A Christmas Carol,Charles Dickens,Classics
Robinson Crusoe,Daniel Defoe,Classics
Moll Flanders,Daniel Defoe,Historical Fiction
The Castle,Franz Kafka,Philosophical Fiction
The Trial,Franz Kafka,Philosophical Fiction
The God of Small Things,Arundhati Roy,Contemporary & Literary Fiction
Alices Adventures in Wonderland / Through the Looking-Glass,Lewis Carroll,Fantasy
"Bilbo's Last Song (Middle Earth, #4.5)",J.R.R. Tolkien,Fantasy
"The Return of the King (The Lord of the Rings, #3)",J.R.R. Tolkien,Fantasy
"The Two Towers (The Lord of the Rings, #2)",J.R.R. Tolkien,Fantasy
"The Fellowship of the Ring (The Lord of the Rings, #1)",J.R.R. Tolkien,Fantasy
"The Hobbit, or There and Back Again",J.R.R. Tolkien,Fantasy
The Little Prince,Antoine de Saint-Exupry,Philosophical Fiction
Gone with the Wind,Margaret Mitchell,Historical Fiction
The Twilight Saga: The Official Illustrated Guide,Stephenie Meyer,Young Adult
"Midnight Sun (The Twilight Saga, #5)",Stephenie Meyer,Young Adult
"Breaking Dawn (The Twilight Saga, #4)",Stephenie Meyer,Young Adult
"The Short Second Life of Bree Tanner (The Twilight Saga, #3.5)",Stephenie Meyer,Young Adult
"Eclipse (The Twilight Saga, #3)",Stephenie Meyer,Young Adult
"New Moon (The Twilight Saga, #2)",Stephenie Meyer,Young Adult
"Twilight (The Twilight Saga, #1)",Stephenie Meyer,Young Adult
"Harry Potter and the Cursed Child: Parts One and Two (Harry Potter, #8)",J.K. Rowling,Fantasy
"Harry Potter and the Deathly Hallows (Harry Potter, #7)",J.K. Rowling,Fantasy
"Harry Potter and the Half-Blood Prince (Harry Potter, #6)",J.K. Rowling,Young Adult
"Harry Potter and the Order of the Phoenix (Harry Potter, #5)",J.K. Rowling,Young Adult
"Harry Potter and the Goblet of Fire (Harry Potter, #4)",J.K. Rowling,Young Adult
"Harry Potter and the Prisoner of Azkaban (Harry Potter, #3)",J.K. Rowling,Fantasy
"Harry Potter and the Chamber of Secrets (Harry Potter, #2)",J.K. Rowling,Fantasy
"Harry Potter and the Sorcerers Stone (Harry Potter, #1)",J.K. Rowling,Fantasy
"Harry Potter: The Prequel (Harry Potter, #0.5)",J.K. Rowling,Young Adult
"The Hunger Games (The Hunger Games, #1)",Suzanne Collins,Young Adult
Meditations,Marcus Aurelius,Philosophy & Thought
To Kill a Mockingbird,Harper Lee,Contemporary & Literary Fiction
Adaptive Markets: Financial Evolution at the Speed of Thought,Andrew W. Lo,Finance & Investing
Inside the Investor's Brain: The Power of Mind Over Money,Richard L. Peterson,Finance & Investing
"The Way of the Superior Man: A Spiritual Guide to Mastering the Challenges of Women, Work, and Sexual Desire",David Deida,Psychology & Self-Help
Educated,Tara Westover,Biographies & Memoirs
"Fourth Wing (The Empyrean, #1)",Rebecca Yarros,Young Adult
The Israel Lobby and U.S. Foreign Policy,John J. Mearsheimer,History & Politics
Lord of the Flies,William Golding,Classics
Chokepoint Capitalism: How Big Tech and Big Content Captured Creative Labor Markets and How We'll Win Them Back,Rebecca Giblin,Business & Productivity
My Inventions,Nikola Tesla,Biographies & Memoirs
  -  , ,History & Politics
   #1, ,Contemporary & Literary Fiction
Tafsir Ibn Kathir Volume 10 0f 10,Muhammad Saed Abdul-Rahman,Religion & Spirituality
Tafsir Ibn Kathir Volume 9 0f 10,Muhammad Saed Abdul-Rahman,Religion & Spirituality
Tafsir Ibn Kathir Volume 8 0f 10,Muhammad Saed Abdul-Rahman,Religion & Spirituality
Tafsir Ibn Kathir Volume 7 0f 10,Muhammad Saed Abdul-Rahman,Religion & Spirituality
Tafsir Ibn Kathir Volume 6 0f 10,Muhammad Saed Abdul-Rahman,Religion & Spirituality
Tafsir Ibn Kathir Volume 5 0f 10,Muhammad Saed Abdul-Rahman,Religion & Spirituality
Tafsir Ibn Kathir Volume 4 0f 10,Muhammad Saed Abdul-Rahman,Religion & Spirituality
Tafsir Ibn Kathir Volume 3 0f 10,Muhammad Saed Abdul-Rahman,Religion & Spirituality
Tafsir Ibn Kathir Volume 2 0f 10,Muhammad Saed Abdul-Rahman,Religion & Spirituality
Tafsir Ibn Kathir Volume 1 0f 10,Ibn Kathir,Religion & Spirituality
Lifespan: Why We Ageand Why We Don't Have To,David A. Sinclair,Biology & Life Sciences
Behave: The Biology of Humans at Our Best and Worst,Robert M. Sapolsky,Medicine & Neuroscience
"The Elegant Universe: Superstrings, Hidden Dimensions, and the Quest for the Ultimate Theory",Brian Greene,Astronomy & Cosmology
The Selfish Gene,Richard Dawkins,Biology & Life Sciences
Shadows of Forgotten Ancestors,Carl Sagan,Astronomy & Cosmology
Broca's Brain: Reflections on the Romance of Science,Carl Sagan,Astronomy & Cosmology
The Varieties of Scientific Experience: A Personal View of the Search for God,Carl Sagan,Astronomy & Cosmology
Billions & Billions: Thoughts on Life and Death at the Brink of the Millennium,Carl Sagan,Astronomy & Cosmology
The Dragons of Eden: Speculations on the Evolution of Human Intelligence,Carl Sagan,Biology & Life Sciences
Pale Blue Dot: A Vision of the Human Future in Space,Carl Sagan,Astronomy & Cosmology
The Demon-Haunted World: Science as a Candle in the Dark,Carl Sagan,Astronomy & Cosmology
Contact,Carl Sagan,Astronomy & Cosmology
Cosmos,Carl Sagan,Astronomy & Cosmology
"""What Do You Care What Other People Think?"": Further Adventures of a Curious Character",Richard P. Feynman,Biographies & Memoirs
"""Surely You're Joking, Mr. Feynman!"": Adventures of a Curious Character",Richard P. Feynman,Biographies & Memoirs
Six Easy Pieces: Essentials of Physics Explained by Its Most Brilliant Teacher,Richard P. Feynman,Engineering & Physics
"The Molecule of More: How a Single Chemical in Your Brain Drives Love, Sex, and Creativityand Will Determine the Fate of the Human Race",Daniel Z. Lieberman,Medicine & Neuroscience
Brave New World,Aldous Huxley,Philosophical Fiction
What Makes Sammy Run?,Budd Schulberg,Contemporary & Literary Fiction
The Moviegoer,Walker Percy,Contemporary & Literary Fiction
"Ask the Dust (The Saga of Arturo Bandini, #3)",John Fante,Contemporary & Literary Fiction
Endurance: Shackleton's Incredible Voyage,Alfred Lansing,Biographies & Memoirs
Rising Tide: the Great Mississippi Flood of 1927 and How it Changed America,John M. Barry,History & Politics
The New New Thing: A Silicon Valley Story by Michael Lewis (2014-01-06),Michael   Lewis,Business & Productivity
The Tiger: A True Story of Vengeance and Survival,John Vaillant,True Crime
A Nervous Splendor: Vienna 1888-1889,Frederic Morton,History & Politics
In Cold Blood,Truman Capote,True Crime
And the Sea Will Tell,Vincent Bugliosi,True Crime
Barbarians at the Gate: The Fall of RJR Nabisco,Bryan Burrough,Business & Productivity
Totto-chan: The Little Girl at the Window,Tetsuko Kuroyanagi,Young Adult
In the Heart of the Sea: The Tragedy of the Whaleship Essex,Nathaniel Philbrick,History & Politics
My Bondage and My Freedom (The Autobiographies #2),Frederick Douglass,Biographies & Memoirs
"Lives of Eminent Philosophers, Vol 2, Books 6-10",Diogenes Laertius,Philosophy & Thought
"Lives of Eminent Philosophers, Vol 1, Books 1-5",Diogenes Laertius,Philosophy & Thought
How They Succeeded: Life Stories of Successful Men Told by Themselves,Orison Swett Marden,Biographies & Memoirs
Where Men Win Glory: The Odyssey of Pat Tillman,Jon Krakauer,Biographies & Memoirs
"The Path to Power (The Years of Lyndon Johnson, #1)",Robert A. Caro,History & Politics
Letters from a Self-Made Merchant to His Son,George Horace Lorimer,Business & Productivity
Purple Cow: Transform Your Business by Being Remarkable,Seth Godin,Business & Productivity
The Complete Personal Memoirs of Ulysses S Grant,Ulysses S. Grant,Biographies & Memoirs
Billion-Dollar Lessons: What You Can Learn from the Most Inexcusable Business Failures of the Last 25 Years,Paul B. Carroll,Business & Productivity
Boyd: The Fighter Pilot Who Changed the Art of War,Robert Coram,Biographies & Memoirs
Reveille for Radicals,Saul D. Alinsky,History & Politics
History of the Peloponnesian War,Thucydides,History & Politics
Tiny Beautiful Things: Advice on Love and Life from Dear Sugar,Cheryl Strayed,Psychology & Self-Help
Bird by Bird,Anne Lamott,Psychology & Self-Help
Civil War Stories,Ambrose Bierce,Historical Fiction
Qatra Qatra Qulzum (Essays) 1989,Wasif Ali Wasif,Philosophical Fiction
A Book of Five Rings: The Classic Guide to Strategy,Miyamoto Musashi,Philosophy & Thought
The Obstacle Is the Way: The Timeless Art of Turning Trials into Triumph,Ryan Holiday,Psychology & Self-Help
Ego Is the Enemy,Ryan Holiday,Psychology & Self-Help
Can't Hurt Me: Master Your Mind and Defy the Odds,David Goggins,Psychology & Self-Help
"Gdel, Escher, Bach: An Eternal Golden Braid",Douglas R. Hofstadter,Philosophy & Thought
A History of Civilizations,Fernand Braudel,History & Politics
The Purpose of Life,Wahiduddin Khan,Religion & Spirituality
Political Order and Political Decay: From the Industrial Revolution to the Globalization of Democracy,Francis Fukuyama,History & Politics
"Angels & Demons (Robert Langdon, #1)",Dan    Brown,Mystery & Thriller
The Death of Ivan Ilych,Leo Tolstoy,Classics
"The Autobiography of Martin Luther King, Jr.",Martin Luther King Jr.,Biographies & Memoirs
"My Life in Full: Work, Family, and Our Future",Indra  Nooyi,Biographies & Memoirs
"It Starts with Us (It Ends with Us, #2)",Colleen Hoover,Contemporary & Literary Fiction
The Intelligent Investor,Benjamin Graham,Finance & Investing
Being Henry: The Fonz . . . and Beyond,Henry Winkler,Biographies & Memoirs
Bullshit Jobs: A Theory,David Graeber,Philosophy & Thought
The Origins of Political Order: From Prehuman Times to the French Revolution,Francis Fukuyama,History & Politics
Mein Kampf,Adolf Hitler,History & Politics
The Top Five Regrets of the Dying: A Life Transformed by the Dearly Departing,Bronnie Ware,Psychology & Self-Help
Outliers: The Story of Success,Malcolm Gladwell,Business & Productivity
Ask and It Is Given: Learning to Manifest Your Desires,Esther Hicks,Psychology & Self-Help
Influence: The Psychology of Persuasion,Robert B. Cialdini,Psychology & Self-Help
"The Charisma Machine: The Life, Death, and Legacy of One Laptop per Child (Infrastructures)",Morgan G. Ames,Computer Science
"The Google Resume: How to Prepare for a Career and Land a Job at Apple, Microsoft, Google, or Any Top Tech Company",Gayle Laakmann McDowell,Business & Productivity
The Bastard of Istanbul,Elif Shafak,Contemporary & Literary Fiction
The Prince and the Pauper,Mark Twain,Historical Fiction
Fantastic Mr. Fox,Roald Dahl,Children's Literature
The Twits,Roald Dahl,Children's Literature
The Witches,Roald Dahl,Horror
James and the Giant Peach,Roald Dahl,Fantasy
The BFG,Roald Dahl,Young Adult
Alice's Adventures in Wonderland,Lewis Carroll,Classics
"The da Vinci Code (Robert Langdon, #2)",Dan    Brown,Mystery & Thriller
"Everybody Lies: Big Data, New Data, and What the Internet Can Tell Us About Who We Really Are",Seth Stephens-Davidowitz,Psychology & Self-Help
The Spy and the Traitor: The Greatest Espionage Story of the Cold War,Ben Macintyre,Biographies & Memoirs
Numbers Don't Lie: 71 Things You Need to Know About the World,Vaclav Smil,History & Politics
Anna Karenina,Leo Tolstoy,Classics
Matilda,Roald Dahl,Young Adult
The Complete Sherlock Holmes,Arthur Conan Doyle,Mystery & Thriller
Aesops Fables,Aesop,Classics
The Collected Poems of W.B. Yeats,W.B. Yeats,Classics
The Complete Stories and Poems,Edgar Allan Poe,Classics
A Gentle Creature,Fyodor Dostoevsky,Classics
Long Walk to Freedom (Volume 1: 1918-1962),Nelson Mandela,Biographies & Memoirs
One Man's View of the World,Lee Kuan Yew,History & Politics
Assata: An Autobiography,Assata Shakur,Biographies & Memoirs
The Glass Castle,Jeannette Walls,Biographies & Memoirs
I Am the Messenger,Markus Zusak,Young Adult
"Why Nations Fail: The Origins of Power, Prosperity, and Poverty",Daron Acemolu,History & Politics
The Road,Cormac McCarthy,Contemporary & Literary Fiction
Essays and Lectures,Ralph Waldo Emerson,Philosophy & Thought
Discourses and Selected Writings,Epictetus,Philosophy & Thought
"The Mansion (The Snopes Trilogy, #3)",William Faulkner,Contemporary & Literary Fiction
"The Town (The Snopes Trilogy, #2)",William Faulkner,Contemporary & Literary Fiction
"The Hamlet (The Snopes Trilogy, #1)",William Faulkner,Classics
The Gambler,Fyodor Dostoevsky,Classics
Notes from Underground,Fyodor Dostoevsky,Philosophical Fiction
The Idiot,Fyodor Dostoevsky,Classics
Zarb-e-Kaleem: Armagan-e-Hijaz,Muhammad Iqbal,Philosophical Fiction
Baal-e-Jibreel,Muhammad Iqbal,Religion & Spirituality
Kulliyat-e-Iqbal: Urdu /  : ,Muhammad Iqbal,Philosophy & Thought
The Reconstruction of Religious Thought in Islam,Muhammad Iqbal,Philosophy & Thought
Benjamin Franklin: An American Life,Walter Isaacson,Biographies & Memoirs
Leonardo da Vinci,Walter Isaacson,Biographies & Memoirs
The Visual Mba: Two Years of Business School Packed into One Priceless Book of Pure Awesomeness,Jason Barron,Business & Productivity
How to Win Every Argument: The Use and Abuse of Logic,Madsen Pirie,Philosophy & Thought
"Win Every Argument: The Art of Debating, Persuading, and Public Speaking",Mehdi Hasan,Psychology & Self-Help
"The Google Story: Inside the Hottest Business, Media and Technology Success of Our Time",David A. Vise,Business & Productivity
The Prince,Niccol Machiavelli,History & Politics
The Top Insults: How to Win Any ArgumentWhile Laughing!,Full Sea Books,Psychology & Self-Help
From Third World to First: The Singapore Story: 1965-2000,Lee Kuan Yew,Biographies & Memoirs
The 33 Strategies of War,Robert Greene,Business & Productivity
The 50th Law,50 Cent,Psychology & Self-Help
"Tools of Titans: The Tactics, Routines, and Habits of Billionaires, Icons, and World-Class Performers",Timothy Ferriss,Business & Productivity
Laques / Eutfron,Plato,Philosophy & Thought
The Republic,Plato,Philosophy & Thought
Phaedrus (Hackett Classics),Plato,Philosophy & Thought
Phaedo,Plato,Philosophy & Thought
The Symposium,Plato,Philosophy & Thought
Aab-e-Hayat/ ,Umera Ahmed,Contemporary & Literary Fiction
Peer-e-Kamil/ ,Umera Ahmed,Contemporary & Literary Fiction
Shikwa and Jawab-i-Shikwa: Iqbal's Dialogue with Allah,Muhammad Iqbal,Religion & Spirituality
Mazhab aur science,Wahiduddin Khan,Religion & Spirituality
Ikigai: Los secretos de Japn para una vida larga y feliz,Hctor  Garca,Psychology & Self-Help
The Daily Laws: 366 Meditations from the author of the bestselling The 48 Laws of Power,Robert Greene,Psychology & Self-Help
Politics,Aristotle,Philosophy & Thought
Apology,Plato,Philosophy & Thought
Leviathan,Thomas Hobbes,Philosophy & Thought
Utilitarianism,John Stuart Mill,Philosophy & Thought
Being and Time,Martin Heidegger,Philosophy & Thought
Critique of Pure Reason,Immanuel Kant,Philosophy & Thought
"The Trial and Death of Socrates (Euthyphro, Apology, Crito, Phaedo)",Plato,Philosophy & Thought
The Nicomachean Ethics,Aristotle,Philosophy & Thought
Uncommon Knowledge: the Economist Explains,Tom Standage,History & Politics
Beyond Good and Evil,Friedrich Nietzsche,Philosophy & Thought
Thus Spoke Zarathustra,Friedrich Nietzsche,Philosophy & Thought
Slow Productivity: The Lost Art of Accomplishment Without Burnout,Cal Newport,Business & Productivity
The Richest Man in Babylon,George S. Clason,Finance & Investing
Greenlights,Matthew McConaughey,Biographies & Memoirs
"Jinnah: His Successes, Failures and Role in History",Ishtiaq Ahmed,History & Politics
Napoleon Bonaparte: The Biography of a Leader Who Changed the History of France (Including the French Revolution),Adam   Brown,Biographies & Memoirs
Founders at Work: Stories of Startups' Early Days,Jessica Livingston,Business & Productivity
Astrophysics for People in a Hurry,Neil deGrasse Tyson,Astronomy & Cosmology
Collapse: How Societies Choose to Fail or Succeed,Jared Diamond,History & Politics
A Brief History of Time,Stephen Hawking,Astronomy & Cosmology
A Short History of Nearly Everything,Bill Bryson,History & Politics
The Prophet,Kahlil Gibran,Philosophical Fiction
The Analects,Confucius,Philosophy & Thought
As a Man Thinketh,James Allen,Philosophy & Thought
Think and Grow Rich,Napoleon Hill,Psychology & Self-Help
Dracula,Bram Stoker,Horror
Frankenstein: The 1818 Text,Mary Wollstonecraft Shelley,Horror
Emma,Jane Austen,Classics
Wuthering Heights,Emily Bront,Classics
The Giving Tree,Shel Silverstein,Contemporary & Literary Fiction
The Picture of Dorian Gray,Oscar Wilde,Classics
The Great Gatsby,F. Scott Fitzgerald,Classics
Lolita,Vladimir Nabokov,Philosophical Fiction
21 Lessons for the 21st Century,Yuval Noah Harari,History & Politics
The Art of Communicating,Thich Nhat Hanh,Psychology & Self-Help
Deng Xiaoping and the Transformation of China,Ezra F. Vogel,History & Politics
"This Is Water: Some Thoughts, Delivered on a Significant Occasion, about Living a Compassionate Life",David Foster Wallace,Psychology & Self-Help
Mastery,Robert Greene,Business & Productivity
The Forty Rules of Love,Elif Shafak,Magical Realism
The Invisible Man,H.G. Wells,Horror
Digital Minimalism: Choosing a Focused Life in a Noisy World,Cal Newport,Business & Productivity
Letters from a Stoic,Seneca,Philosophy & Thought
Deep Work: Rules for Focused Success in a Distracted World,Cal Newport,Business & Productivity
The Laws of Human Nature,Robert Greene,Psychology & Self-Help
Why We Sleep: Unlocking the Power of Sleep and Dreams,Matthew Walker,Medicine & Neuroscience
Atomic Habits: An Easy & Proven Way to Build Good Habits & Break Bad Ones,James Clear,Psychology & Self-Help
The Subtle Art of Not Giving a F*ck: A Counterintuitive Approach to Living a Good Life,Mark Manson,Psychology & Self-Help
Quiet: The Power of Introverts in a World That Can't Stop Talking,Susan Cain,Psychology & Self-Help
The Psychology of Money,Morgan Housel,Finance & Investing
"Guns, Germs, and Steel: The Fates of Human Societies",Jared Diamond,History & Politics
The Silent Patient,Alex Michaelides,Mystery & Thriller
Great Expectations,Charles Dickens,Classics
A Tale of Two Cities,Charles Dickens,Historical Fiction
The Count of Monte Cristo,Alexandre Dumas,Historical Fiction
Jane Eyre,Charlotte Bront,Classics
Talking to Strangers: What We Should Know About the People We Don't Know,Malcolm Gladwell,Psychology & Self-Help
The 4-Hour Workweek,Timothy Ferriss,Business & Productivity
The Lean Startup,Eric Ries,Business & Productivity
How to Win Friends & Influence People,Dale Carnegie,Psychology & Self-Help
When Breath Becomes Air,Paul Kalanithi,Medicine & Neuroscience
The Autobiography of Malcolm X,Malcolm X,Biographies & Memoirs
Einstein: His Life and Universe,Walter Isaacson,Biographies & Memoirs
Steve Jobs,Walter Isaacson,Biographies & Memoirs
Don Quixote,Miguel de Cervantes Saavedra,Classics
Fahrenheit 451,Ray Bradbury,Science Fiction
"Thinking, Fast and Slow",Daniel Kahneman,Psychology & Self-Help
"The World for Sale: Money, Power and the Traders Who Barter the Earths Resources",Javier Blas,History & Politics
Chip War: The Fight for the World's Most Critical Technology,Chris   Miller,Computer Science
The Brothers Karamazov,Fyodor Dostoevsky,Classics
"Rich Dad, Poor Dad",Robert T. Kiyosaki,Business & Productivity
Aab e Gum /  ,Mushtaq Ahmad Yousufi,Contemporary & Literary Fiction
Divine Speech,Nouman Ali Khan,Religion & Spirituality
Revive Your Heart: Putting Life in Perspective,Nouman Ali Khan,Psychology & Self-Help
"The Haunted Car (Goosebumps Series 2000, #21)",R.L. Stine,Horror
Sapiens: A Brief History of Humankind,Yuval Noah Harari,History & Politics
Sceptical Essays (Routledge Classics),Bertrand Russell,Philosophy & Thought
Ulysses,James Joyce,Classics
Good to Great: Why Some Companies Make the Leap... and Others Don't,Jim Collins,Business & Productivity
Think Again: The Power of Knowing What You Don't Know,Adam M. Grant,Psychology & Self-Help
Mann Chalay Ka Sauda /    ,Ashfaq Ahmed,Contemporary & Literary Fiction
Homo Deus: A History of Tomorrow,Yuval Noah Harari,History & Politics
Factfulness: Ten Reasons We're Wrong About the World  and Why Things Are Better Than You Think,Hans Rosling,History & Politics
Hooked: How to Build Habit-Forming Products,Nir   Eyal,Business & Productivity
1984,George Orwell,Classics
Pride and Prejudice,Jane Austen,Classics
The Alchemist,Paulo Coelho,Magical Realism
The Diary of a Young Girl,Anne Frank,Historical Fiction
Of Mice and Men,John Steinbeck,Contemporary & Literary Fiction
The Catcher in the Rye,J.D. Salinger,Contemporary & Literary Fiction
Animal Farm,George Orwell,Classics
Crime and Punishment,Fyodor Dostoevsky,Classics
Secrets of Divine Love: A Spiritual Journey into the Heart of Islam,A. Helwa,Religion & Spirituality
Jinnah vs. Gandhi,Roderick Matthews,History & Politics
Leaders Who Changed History (DK People Who Changed History),D.K. Publishing,Biographies & Memoirs
Elon Musk,Walter Isaacson,Biographies & Memoirs
Bang-e-Dara /  ,Muhammad Iqbal,Philosophical Fiction
"Dune (Dune, #1)",Frank Herbert,Science Fiction
The Art of War,Sun Tzu,Philosophy & Thought
Leaders Eat Last: Why Some Teams Pull Together and Others Don't,Simon Sinek,Business & Productivity
War and Peace,Leo Tolstoy,Classics
"Moby-Dick or, The Whale",Herman Melville,Classics
The 48 Laws of Power,Robert Greene,Psychology & Self-Help
Stoner,John  Williams,Contemporary & Literary Fiction
"Zero to One: Notes on Startups, or How to Build the Future",Peter Thiel,Business & Productivity
Talash /,Mumtaz Mufti,Contemporary & Literary Fiction
